<?xml version="1.0" encoding="UTF-8"?>
<project-private xmlns="http://www.netbeans.org/ns/project-private/1">
    <editor-bookmarks xmlns="http://www.netbeans.org/ns/editor-bookmarks/2" lastBookmarkId="0"/>
    <open-files xmlns="http://www.netbeans.org/ns/projectui-open-files/2">
        <group>
            <file>file:/C:/Users/Sinesh%20Gimshan/Documents/NetBeansProjects/Fashion%20Shop/src/fashion/shop/SearchOrder.java</file>
            <file>file:/C:/Users/Sinesh%20Gimshan/Documents/NetBeansProjects/Fashion%20Shop/src/fashion/shop/ViewReport.java</file>
            <file>file:/C:/Users/Sinesh%20Gimshan/Documents/NetBeansProjects/Fashion%20Shop/src/fashion/shop/OrderList.java</file>
            <file>file:/C:/Users/Sinesh%20Gimshan/Documents/NetBeansProjects/Fashion%20Shop/src/fashion/shop/AllCustomerReports.java</file>
            <file>file:/C:/Users/Sinesh%20Gimshan/Documents/NetBeansProjects/Fashion%20Shop/src/fashion/shop/AllOrders.java</file>
            <file>file:/C:/Users/Sinesh%20Gimshan/Documents/NetBeansProjects/Fashion%20Shop/src/fashion/shop/PlaceOrder.java</file>
            <file>file:/C:/Users/Sinesh%20Gimshan/Documents/NetBeansProjects/Fashion%20Shop/src/fashion/shop/ItemsByQTY.java</file>
            <file>file:/C:/Users/Sinesh%20Gimshan/Documents/NetBeansProjects/Fashion%20Shop/src/fashion/shop/SearchCustomer.java</file>
            <file>file:/C:/Users/Sinesh%20Gimshan/Documents/NetBeansProjects/Fashion%20Shop/src/fashion/shop/OrderListImplement.java</file>
            <file>file:/C:/Users/Sinesh%20Gimshan/Documents/NetBeansProjects/Fashion%20Shop/src/fashion/shop/Main.java</file>
            <file>file:/C:/Users/Sinesh%20Gimshan/Documents/NetBeansProjects/Fashion%20Shop/src/fashion/shop/ItemsByAmount.java</file>
            <file>file:/C:/Users/Sinesh%20Gimshan/Documents/NetBeansProjects/Fashion%20Shop/src/fashion/shop/OrderByAmount.java</file>
            <file>file:/C:/Users/Sinesh%20Gimshan/Documents/NetBeansProjects/Fashion%20Shop/src/fashion/shop/FashionShop.java</file>
            <file>file:/C:/Users/Sinesh%20Gimshan/Documents/NetBeansProjects/Fashion%20Shop/src/fashion/shop/BestInCustomers.java</file>
            <file>file:/C:/Users/Sinesh%20Gimshan/Documents/NetBeansProjects/Fashion%20Shop/src/fashion/shop/ViewCustomers.java</file>
            <file>file:/C:/Users/Sinesh%20Gimshan/Documents/NetBeansProjects/Fashion%20Shop/src/fashion/shop/ChangeOrderStatus.java</file>
            <file>file:/C:/Users/Sinesh%20Gimshan/Documents/NetBeansProjects/Fashion%20Shop/src/fashion/shop/DeleteOrder.java</file>
        </group>
    </open-files>
</project-private>
